<?xml version="1.0" encoding="UTF-8"?>
<project-private xmlns="http://www.netbeans.org/ns/project-private/1">
    <editor-bookmarks xmlns="http://www.netbeans.org/ns/editor-bookmarks/2" lastBookmarkId="0"/>
    <open-files xmlns="http://www.netbeans.org/ns/projectui-open-files/2">
        <group>
            <file>file:/C:/Users/farah/OneDrive/Documents/NetBeansProjects/ElectricBillingSystem/src/operator/OperatorFunctions.java</file>
            <file>file:/C:/Users/farah/OneDrive/Documents/NetBeansProjects/ElectricBillingSystem/src/GUI/OperatorDashboardGUI.java</file>
            <file>file:/C:/Users/farah/OneDrive/Documents/NetBeansProjects/ElectricBillingSystem/bills.txt</file>
            <file>file:/C:/Users/farah/OneDrive/Documents/NetBeansProjects/ElectricBillingSystem/src/GUI/BillsTableGUI.java</file>
            <file>file:/C:/Users/farah/OneDrive/Documents/NetBeansProjects/ElectricBillingSystem/src/operator/Bill.java</file>
            <file>file:/C:/Users/farah/OneDrive/Documents/NetBeansProjects/ElectricBillingSystem/src/operator/OperatorModule.java</file>
            <file>file:/C:/Users/farah/OneDrive/Documents/NetBeansProjects/ElectricBillingSystem/tariffs.txt</file>
            <file>file:/C:/Users/farah/OneDrive/Documents/NetBeansProjects/ElectricBillingSystem/customers.txt</file>
        </group>
    </open-files>
</project-private>
